word,english,pos,gender,frequency,ipa,definition
jeg,I,pronoun,,28932,,
du,you,pronoun,,14418,,
han,he,pronoun,,40809,,
hun,she,pronoun,,8321,,
det,it,pronoun,,42216,,
vi,we,pronoun,,7399,,
dere,you_all,pronoun,,37954,,
de,they,pronoun,,9103,,
meg,me,pronoun,,7117,,
deg,you_obj,pronoun,,1659,,
ham,him,pronoun,,18731,,
henne,her_obj,pronoun,,7037,,
oss,us,pronoun,,3046,,
dem,them,pronoun,,36578,,
min,my,pronoun,,32145,,
din,your,pronoun,,20004,,
hans,his,pronoun,,33018,,
hennes,her,pronoun,,40100,,
vår,our,pronoun,,31303,,
deres,their,pronoun,,43070,,
være,be,verb,,26729,,
ha,have,verb,,19120,,
gjøre,do,verb,,31022,,
si,say,verb,,36737,,
gå,go,verb,,6477,,
komme,come,verb,,42471,,
få,get,verb,,13339,,
ta,take,verb,,18466,,
se,see,verb,,47568,,
vite,know,verb,,4671,,
tenke,think,verb,,47454,,
se,look,verb,,48481,,
ville,want,verb,,23991,,
gi,give,verb,,37200,,
bruke,use,verb,,13585,,
finne,find,verb,,40227,,
fortelle,tell,verb,,17835,,
spørre,ask,verb,,25320,,
arbeide,work,verb,,24300,,
føle,feel,verb,,46504,,
prøve,try,verb,,50492,,
dra,leave,verb,,16021,,
ringe,call,verb,,5388,,
beholde,keep,verb,,36781,,
begynne,begin,verb,,32037,,
hjelpe,help,verb,,35682,,
vise,show,verb,,33143,,
høre,hear,verb,,37349,,
leke,play,verb,,23177,,
løpe,run,verb,,33201,,
flytte,move,verb,,3432,,
bo,live,verb,,30709,,
tro,believe,verb,,11436,,
ta_med,bring,verb,,25971,,
skje,happen,verb,,31095,,
skrive,write,verb,,1849,,
gi,provide,verb,,40482,,
sitte,sit,verb,,5425,,
stå,stand,verb,,29737,,
tape,lose,verb,,30583,,
betale,pay,verb,,31351,,
møte,meet,verb,,3172,,
inkludere,include,verb,,20041,,
fortsette,continue,verb,,37764,,
sette,set,verb,,17909,,
lære,learn,verb,,17845,,
endre,change,verb,,50345,,
lede,lead,verb,,46062,,
forstå,understand,verb,,45923,,
se_på,watch,verb,,18515,,
følge,follow,verb,,43840,,
stoppe,stop,verb,,4284,,
lage,create,verb,,29973,,
snakke,speak,verb,,10310,,
lese,read,verb,,17717,,
tillate,allow,verb,,23831,,
legge_til,add,verb,,26823,,
bruke,spend,verb,,30242,,
vokse,grow,verb,,32947,,
åpne,open,verb,,11734,,
gå,walk,verb,,31118,,
tilby,offer,verb,,25644,,
huske,remember,verb,,33811,,
elske,love,verb,,2429,,
vurdere,consider,verb,,5987,,
dukke_opp,appear,verb,,21901,,
kjøpe,buy,verb,,32895,,
vente,wait,verb,,10653,,
servere,serve,verb,,30497,,
dø,die,verb,,36324,,
sende,send,verb,,36547,,
forvente,expect,verb,,15013,,
bygge,build,verb,,34121,,
bli,stay,verb,,25038,,
falle,fall,verb,,2606,,
kutte,cut,verb,,4666,,
nå,reach,verb,,37623,,
drepe,kill,verb,,16525,,
bli,remain,verb,,15381,,
foreslå,suggest,verb,,32419,,
heve,raise,verb,,39792,,
passere,pass,verb,,7132,,
selge,sell,verb,,20886,,
kreve,require,verb,,15693,,
rapportere,report,verb,,19375,,
bestemme,decide,verb,,31330,,
dra,pull,verb,,13562,,
tid,time,noun,common,9400,,
år,year,noun,neuter,4688,,
person,person,noun,common,23313,,
dag,day,noun,common,49655,,
vei,way,noun,common,38594,,
ting,thing,noun,neuter,43086,,
mann,man,noun,common,32755,,
kvinne,woman,noun,common,7993,,
barn,child,noun,neuter,8959,,
verden,world,noun,common,5632,,
liv,life,noun,neuter,15167,,
hånd,hand,noun,common,6681,,
del,part,noun,common,35059,,
øye,eye,noun,neuter,41488,,
sted,place,noun,neuter,35294,,
arbeid,labour,noun,neuter,42579,,
uke,week,noun,common,29823,,
sak,case,noun,common,29211,,
punkt,point,noun,neuter,39462,,
regjering,government,noun,common,42235,,
bedrift,company,noun,common,19108,,
nummer,number,noun,neuter,26081,,
gruppe,group,noun,common,20509,,
problem,problem,noun,neuter,7947,,
faktum,fact,noun,neuter,13235,,
rett,right,noun,common,21344,,
historie,story,noun,common,29880,,
jobb,job,noun,neuter,8020,,
hus,house,noun,neuter,18318,,
land,country,noun,neuter,17961,,
venn,friend,noun,common,20258,,
mor,mother,noun,common,45943,,
far,father,noun,common,18334,,
vann,water,noun,neuter,19539,,
mat,food,noun,common,4390,,
skole,school,noun,common,10393,,
bok,book,noun,common,14296,,
by,city,noun,common,2167,,
bil,car,noun,common,31172,,
vei,road,noun,common,4489,,
rom,room,noun,neuter,50743,,
dør,door,noun,common,13592,,
ord,word,noun,neuter,49139,,
natt,night,noun,common,49313,,
morgen,morning,noun,common,37088,,
kveld,evening,noun,common,44131,,
penger,money,noun,common,45626,,
navn,name,noun,neuter,10046,,
familie,family,noun,common,32433,,
hode,head,noun,neuter,17085,,
hjerte,heart,noun,neuter,30830,,
sinn,mind,noun,neuter,13748,,
ansikt,face,noun,neuter,47027,,
spørsmål,question,noun,neuter,2564,,
svar,answer,noun,neuter,36215,,
kjærlighet,love,noun,common,49143,,
fred,peace,noun,common,33667,,
krig,war,noun,common,28093,,
hjem,home,noun,neuter,5961,,
gate,street,noun,common,34017,,
butikk,shop,noun,common,40001,,
bord,table,noun,neuter,30049,,
stol,chair,noun,common,46910,,
vindu,window,noun,neuter,25564,,
vegg,wall,noun,common,6909,,
gulv,floor,noun,neuter,14548,,
kjøkken,kitchen,noun,neuter,6731,,
soverom,bedroom,noun,neuter,34684,,
bad,bathroom,noun,neuter,40756,,
hage,garden,noun,common,34954,,
tre,tree,noun,neuter,4676,,
blomst,flower,noun,common,16372,,
dyr,animal,noun,neuter,48526,,
hund,dog,noun,common,26438,,
katt,cat,noun,common,29064,,
fugl,bird,noun,common,49843,,
fisk,fish,noun,common,25112,,
hest,horse,noun,common,47118,,
sol,sun,noun,common,4070,,
måne,moon,noun,common,8124,,
stjerne,star,noun,common,42351,,
himmel,sky,noun,common,41484,,
sjø,sea,noun,neuter,37483,,
elv,river,noun,common,46604,,
fjell,mountain,noun,neuter,28439,,
snø,snow,noun,common,20213,,
regn,rain,noun,neuter,48199,,
vind,wind,noun,common,1983,,
ild,fire,noun,common,38096,,
stein,stone,noun,common,39162,,
sand,sand,noun,common,50772,,
gull,gold,noun,neuter,45231,,
sølv,silver,noun,neuter,17391,,
jern,iron,noun,neuter,40929,,
tre,wood,noun,neuter,29593,,
papir,paper,noun,neuter,44631,,
glass,glass,noun,neuter,29006,,
metall,metal,noun,neuter,10711,,
farge,color,noun,common,4074,,
musikk,music,noun,common,2375,,
sang,song,noun,common,38075,,
kunst,art,noun,common,49975,,
spill,game,noun,neuter,23967,,
sport,sport,noun,common,18818,,
film,film,noun,common,32561,,
bilde,picture,noun,neuter,10795,,
kamera,camera,noun,neuter,48547,,
telefon,phone,noun,common,47432,,
datamaskin,computer,noun,common,48672,,
internett,internet,noun,neuter,17713,,
språk,language,noun,neuter,2769,,
ord,word,noun,neuter,25781,,
setning,sentence,noun,common,27066,,
brev,letter,noun,neuter,19677,,
avis,newspaper,noun,common,8940,,
nyheter,news,noun,common,38853,,
kunnskap,knowledge,noun,common,34279,,
idé,idea,noun,common,12007,,
grunn,reason,noun,common,4854,,
problem,problem,noun,neuter,18241,,
spørsmål,question,noun,neuter,11095,,
svar,answer,noun,neuter,34950,,
eksempel,example,noun,neuter,21023,,
resultat,result,noun,neuter,3372,,
system,system,noun,neuter,39106,,
program,program,noun,neuter,18752,,
tjeneste,service,noun,common,23265,,
produkt,product,noun,neuter,13105,,
pris,price,noun,common,45010,,
kostnad,cost,noun,common,21575,,
verdi,value,noun,neuter,28108,,
kvalitet,quality,noun,common,22345,,
forskjell,difference,noun,common,24722,,
likhet,similarity,noun,common,5170,,
nord,north,noun,neuter,45131,,
sør,south,noun,neuter,18499,,
øst,east,noun,neuter,29656,,
vest,west,noun,neuter,11164,,
god,good,adjective,,37366,,
dårlig,bad,adjective,,27545,,
ny,new,adjective,,39949,,
gammel,old,adjective,,49522,,
ung,young,adjective,,32858,,
stor,big,adjective,,11365,,
liten,small,adjective,,31949,,
lang,long,adjective,,43040,,
kort,short,adjective,,23896,,
høy,high,adjective,,50177,,
lav,low,adjective,,21969,,
rask,fast,adjective,,16747,,
langsom,slow,adjective,,32022,,
varm,hot,adjective,,40909,,
kald,cold,adjective,,29908,,
lun,warm,adjective,,21935,,
kul,cool,adjective,,46775,,
glad,happy,adjective,,29275,,
trist,sad,adjective,,19705,,
sint,angry,adjective,,6912,,
redd,afraid,adjective,,8058,,
trøtt,tired,adjective,,13949,,
syk,sick,adjective,,13068,,
frisk,healthy,adjective,,5208,,
vakker,beautiful,adjective,,7757,,
stygg,ugly,adjective,,45949,,
ren,clean,adjective,,3588,,
skitten,dirty,adjective,,43160,,
lett,easy,adjective,,26351,,
vanskelig,difficult,adjective,,43343,,
tidlig,early,adjective,,22934,,
sen,late,adjective,,1210,,
rik,rich,adjective,,5552,,
fattig,poor,adjective,,48004,,
sterk,strong,adjective,,41600,,
svak,weak,adjective,,24351,,
sann,true,adjective,,20503,,
falsk,false,adjective,,14416,,
samme,same,adjective,,48167,,
annen,different,adjective,,6064,,
riktig,right,adjective,,25723,,
feil,wrong,adjective,,14846,,
mulig,possible,adjective,,35927,,
viktig,important,adjective,,2857,,
nødvendig,necessary,adjective,,41139,,
gratis,free,adjective,,45500,,
åpen,open,adjective,,17837,,
lukket,closed,adjective,,2706,,
full,full,adjective,,10094,,
tom,empty,adjective,,45196,,
rød,red,adjective,,38209,,
blå,blue,adjective,,5604,,
grønn,green,adjective,,9166,,
gul,yellow,adjective,,16175,,
hvit,white,adjective,,47475,,
svart,black,adjective,,25191,,
brun,brown,adjective,,6874,,
grå,gray,adjective,,13315,,
ikke,not,adverb,,49600,,
nå,now,adverb,,31316,,
da,then,adverb,,18209,,
her,here,adverb,,8405,,
der,there,adverb,,49271,,
i_dag,today,adverb,,19203,,
i_morgen,tomorrow,adverb,,26885,,
i_går,yesterday,adverb,,5102,,
alltid,always,adverb,,23859,,
aldri,never,adverb,,18202,,
ofte,often,adverb,,29259,,
noen_ganger,sometimes,adverb,,31651,,
snart,soon,adverb,,36075,,
igjen,again,adverb,,14452,,
allerede,already,adverb,,5499,,
fortsatt,still,adverb,,36074,,
også,also,adverb,,40869,,
bare,only,adverb,,27766,,
veldig,very,adverb,,24765,,
ganske,quite,adverb,,19497,,
også,too,adverb,,34047,,
mer,more,adverb,,9839,,
mindre,less,adverb,,15813,,
mye,much,adverb,,27831,,
mange,many,adverb,,23132,,
alle,all,adverb,,14212,,
hver,each,adverb,,49211,,
sammen,together,adverb,,38982,,
fra_hverandre,apart,adverb,,9416,,
bra,well,adverb,,35598,,
dårlig,badly,adverb,,1101,,
sakte,slowly,adverb,,6426,,
fort,quickly,adverb,,38715,,
lett,easily,adverb,,22250,,
hardt,hard,adverb,,12235,,
tidlig,early,adverb,,4377,,
sent,late,adverb,,43195,,
kanskje,maybe,adverb,,14291,,
ja,yes,adverb,,28052,,
nei,no,adverb,,45294,,
vær_så_snill,please,adverb,,11047,,
takk,thanks,adverb,,32918,,
med,with,preposition,,45983,,
uten,without,preposition,,45908,,
i,in,preposition,,14695,,
på,on,preposition,,9170,,
på,at,preposition,,49396,,
til,to,preposition,,12656,,
fra,from,preposition,,2324,,
av,of,preposition,,11713,,
for,for,preposition,,28255,,
av,by,preposition,,24376,,
om,about,preposition,,10494,,
over,over,preposition,,11264,,
under,under,preposition,,20929,,
før,before,preposition,,7263,,
etter,after,preposition,,7799,,
mellom,between,preposition,,1807,,
blant,among,preposition,,13148,,
mot,against,preposition,,22464,,
gjennom,through,preposition,,28161,,
rundt,around,preposition,,19796,,
under,during,preposition,,46581,,
og,and,conjunction,,38361,,
men,but,conjunction,,17538,,
eller,or,conjunction,,36883,,
hvis,if,conjunction,,29075,,
fordi,because,conjunction,,39177,,
så,so,conjunction,,42165,,
når,when,conjunction,,10268,,
hvor,where,conjunction,,1598,,
hvem,who,pronoun,,24542,,
hva,what,pronoun,,33735,,
hvilken,which,pronoun,,14297,,
hvordan,how,adverb,,8282,,
hvorfor,why,adverb,,21692,,
en,one,numeral,,17290,,
to,two,numeral,,4188,,
tre,three,numeral,,13017,,
fire,four,numeral,,33913,,
fem,five,numeral,,45441,,
seks,six,numeral,,4639,,
sju,seven,numeral,,19460,,
åtte,eight,numeral,,46597,,
ni,nine,numeral,,44686,,
ti,ten,numeral,,5884,,
elleve,eleven,numeral,,34235,,
tolv,twelve,numeral,,4288,,
tjue,twenty,numeral,,33802,,
tretti,thirty,numeral,,42783,,
førti,forty,numeral,,39565,,
femti,fifty,numeral,,41765,,
hundre,hundred,numeral,,22551,,
tusen,thousand,numeral,,11545,,
hei,hello,interjection,,2112,,
ha_det,goodbye,interjection,,10888,,
god_morgen,good_morning,phrase,,17073,,
god_natt,good_night,phrase,,24330,,
unnskyld,excuse_me,phrase,,8266,,
beklager,sorry,phrase,,23136,,
ok,ok,interjection,,11454,,
sykkel,bicycle,noun,common,2500,,
sentrum,centre,noun,neuter,2800,,
sirkel,circle,noun,common,2200,,
